<?xml version="1.0"?>
<!DOCTYPE hibernate-mapping PUBLIC
	"-//Hibernate/Hibernate Mapping DTD 3.0//EN"
	"http://hibernate.sourceforge.net/hibernate-mapping-3.0.dtd">
<hibernate-mapping>
  <class name="com.wsscanner.scan.reporting.ReportableEvent" table="EVENTS">
  	<id name="id" column="EVENT_ID" >
  		<generator class="native"></generator>
  	</id>
  	<property name="briefDescription"></property>
  	<property name="impact"></property>
  	<property name="longDescription"></property>
  	<property name="recomendations"></property>
  	<property name="references" column="PROBLEM_REFERENCES"></property>
  	<property name="severity"></property>
  	<property name="source"></property>
  	<property name="time" type="timestamp" column="EVENT_TIME"></property>
  	<property name="title"></property>
  	<property name="url"></property>
  </class>
</hibernate-mapping>